{
  "mean": 9.347021739130435,
  "std": 4.2775974587994625
}